{
  "ari": 0.7446473582112749,
  "homogeneity": 0.8789917706665805,
  "completeness": 0.8997960398893612,
  "v_measure": 0.8892722444437426,
  "K": 29,
  "n": 10774
}