{
  "L": 359,
  "inset_median": 150.71377279547897,
  "impostor_median": 157.3211576275736,
  "impostor_acceptance_at_80pct_recall": 0.6221374045801527
}