{
  "best": {
    "page": 50,
    "sign": -1,
    "atb": true,
    "off": 10098,
    "n_int": 4,
    "pt": "GOFGEALLATNERAEMOEMTHTHOESAEGMTHMDIOEFBEOAEOREONGEAGODTHFIUNGOIAWYLEAFUCCJABGOETHEOIANHTHA"
  },
  "best_score": -6.623391474683219,
  "per_page": [
    [
      0,
      -6.925047146109456
    ],
    [
      1,
      -7.155829612992389
    ],
    [
      2,
      -7.056755358814691
    ],
    [
      3,
      -7.246053027412536
    ],
    [
      4,
      -7.175446890682226
    ],
    [
      5,
      -7.167021335483995
    ],
    [
      6,
      -7.092612552158501
    ],
    [
      7,
      -7.336121497897023
    ],
    [
      8,
      -7.201360893029094
    ],
    [
      9,
      -7.000500071860833
    ],
    [
      10,
      -7.268901100087232
    ],
    [
      11,
      -7.1017296585472645
    ],
    [
      12,
      -7.275629009764174
    ],
    [
      13,
      -7.227041910893571
    ],
    [
      14,
      -7.194728757508761
    ],
    [
      15,
      -7.1900188662807425
    ],
    [
      16,
      -7.1165192510338295
    ],
    [
      17,
      -7.287385375113023
    ],
    [
      18,
      -7.224090432797781
    ],
    [
      19,
      -7.03510904876754
    ],
    [
      20,
      -7.216116497564849
    ],
    [
      21,
      -7.231484280249601
    ],
    [
      22,
      -7.011744739381158
    ],
    [
      23,
      -7.356445080939295
    ],
    [
      24,
      -7.140493203132065
    ],
    [
      25,
      -7.123619236181162
    ],
    [
      26,
      -7.221448670685823
    ],
    [
      27,
      -7.128661079930345
    ],
    [
      28,
      -6.976943871290351
    ],
    [
      29,
      -7.231637547613419
    ],
    [
      30,
      -7.179937431867682
    ],
    [
      31,
      -7.249813082671096
    ],
    [
      32,
      -7.077149033206256
    ],
    [
      33,
      -6.8535436711911215
    ],
    [
      34,
      -7.39332916512717
    ],
    [
      35,
      -7.249825507237881
    ],
    [
      36,
      -7.287937292563507
    ],
    [
      37,
      -7.274877937899362
    ],
    [
      38,
      -7.144459724377511
    ],
    [
      39,
      -7.170861724957205
    ],
    [
      40,
      -7.294640494485054
    ],
    [
      41,
      -6.900976609475042
    ],
    [
      42,
      -7.279887439164268
    ],
    [
      43,
      -7.144670825301494
    ],
    [
      44,
      -7.11235057106219
    ],
    [
      45,
      -7.284724014533063
    ],
    [
      46,
      -7.2993974748137465
    ],
    [
      47,
      -7.300496448759825
    ],
    [
      48,
      -7.138631221741291
    ],
    [
      49,
      -7.048399943818372
    ],
    [
      50,
      -6.623391474683219
    ],
    [
      51,
      -7.0508245976050485
    ],
    [
      52,
      -7.063011194648079
    ],
    [
      53,
      -7.291097448078562
    ],
    [
      54,
      -7.332862163026224
    ]
  ]
}