{
  "agg": {
    "prior_off": -4.420633417052125,
    "prior_on": -4.420633417052125
  },
  "rows": [
    [
      0,
      -6.832780532000519,
      -6.976717987611935,
      "RYANGAAETENGSWIADLBAXGFJNIALSWAEDPREAUEAIAMIATHAEA"
    ],
    [
      1,
      -6.763578206121477,
      -7.160657066161556,
      "LSDJXMENCOLADIAEANGYMMELUNGDNNGEAEAGAETHEGNGYGCAEA"
    ],
    [
      2,
      -6.8145699401567095,
      -7.01748153221285,
      "AEXJJJIASSRJEOFTHEAIAEOOIANGUOEYSBSOEDGOEATHTHLWCE"
    ],
    [
      3,
      -6.8507668635590235,
      -7.265225092188309,
      "DIAWJHFCOLXONJOAEAETHHWOENGEOJUSHRITNGEORDUFRFJIOE"
    ],
    [
      4,
      -6.8906351055799755,
      -6.992522780415832,
      "ISWOTHLYWSFHTMYHATHDOENGHIAEAFEOTHTHLWOEEDTHJASINJ"
    ],
    [
      5,
      -6.936959281794604,
      -6.999991021819687,
      "JCPSLAYFEAEOUOEBUTHEOANGAEGNGSICUTDAEACEANPUDIGBNN"
    ],
    [
      6,
      -6.784255361064975,
      -7.057459891235983,
      "GNDFIAMGNGGBPELEAAIOXMAXTHTHOECANTMEMIARAEIAFDHNGX"
    ],
    [
      7,
      -6.642468839051221,
      -7.094390837080004,
      "CAEEEANGPTHCOFTHETHSEONGPIJOBICBYAYENGEOWAFUOAEWNU"
    ],
    [
      8,
      -6.986872443878414,
      -7.073945581706455,
      "RHEANEAEANOTOUTHBWUEEOIADABAYRJREAIEAGFXBUIAGCEDPU"
    ],
    [
      9,
      -6.919414199413455,
      -6.942160336489762,
      "THEAOEJOEATRETIAXCAAILIATHJOJYEAEAMSFEAWIMMOIAFYWG"
    ],
    [
      10,
      -6.927697663729909,
      -7.1319881128553195,
      "DDTHTHAETMIAWLWNGWAFIDXOEDEOTHEIATTHEANGNGEOMOSSDT"
    ],
    [
      11,
      -6.898466092573377,
      -7.041176502144329,
      "PDORSSAEAMBBHXAEAEMHTAESWSIAEANGBNGPTHWCEOUOLMOEOO"
    ],
    [
      12,
      -6.975079204569401,
      -7.207275953887927,
      "WXMWJXXLBWEOTFJHHTEAOBBHUTYDOEWOEWGONEEOYEOBDTHEWS"
    ],
    [
      13,
      -6.871649159327273,
      -7.100399733940499,
      "OEOPIAWERJOWPEODINDWTAAEFAEEOIHBJHTHTTIAOBEFTXBMST"
    ],
    [
      14,
      -6.440628559357887,
      -7.014955021311142,
      "EOHUEABACOGTOLAEATHECIEDEAHCIALIIJLYATHSWEAHJUONGG"
    ],
    [
      15,
      -6.56876079667113,
      -6.769398198442504,
      "EEGHEOXSIINEWIAOETGYTHENAEMIATJPYEPTATHIATHTHEOBHI"
    ],
    [
      16,
      -6.879306444072712,
      -7.063386256575063,
      "SAEEAOEEWAELOJWOPCIATHUPTHRDLHXTHNYNGONGTHIAGUBUNG"
    ],
    [
      17,
      -6.741192544555791,
      -6.907812881616714,
      "OETHEOAETHJMIADMAHNGCHLIAGDTODAEMAIJEANGYJTOEOSDLE"
    ],
    [
      18,
      -6.84026958422022,
      -7.2018538300003065,
      "RLIBAMNTHXEOEATSARSMIDSOJLWRTCHIWOBOENOTHEDAEIIANB"
    ],
    [
      19,
      -6.9358479740843535,
      -7.040540243051874,
      "THIAYTHAWOACHRIAFDTGEAWAEGEASWORCYRECIATWYTMRCBWPI"
    ],
    [
      20,
      -6.821550907117114,
      -7.089402654065807,
      "JXBSNYITUATNFYLYIAXMUREJEDBNDIAEAEOHSIAEABACTHIAAT"
    ],
    [
      21,
      -6.934519711373268,
      -7.0111867450885965,
      "LUHNISESNGAIASEOIJLWEAEOEROEBTPETHUYIAHMEAUEOEOOGC"
    ],
    [
      22,
      -6.55495082540462,
      -6.667465876759989,
      "SEEAFIAEATHLEOUFLEALEAITEOFOCRYCOFEWIAAEMAIAUGETHW"
    ],
    [
      23,
      -6.921987800638235,
      -7.0583107723572605,
      "THAEAOEGGAGTHEIRBBTHIAEAIATAECHMLPJRHHTHWEANTHYFIA"
    ],
    [
      24,
      -6.965016509664617,
      -7.058951749256807,
      "EAWSDXJXHDEOSPETHOEADOEIAIXFEOIIIANGAECOHITJDSLJAM"
    ],
    [
      25,
      -6.953504602211994,
      -7.110920005786839,
      "TTNSNGHOERENGEOAEEOAFMEANGETNORNEAARMIAOENGIAYACOE"
    ],
    [
      26,
      -6.923727852001435,
      -7.170254620696653,
      "THETHOERUIAWOILPNXEOEANGEOPDAEDABFDOEOGYBHUEAOELOO"
    ],
    [
      27,
      -6.82125641067829,
      -7.019059496787708,
      "EWAEMNTHDMWMEOJNPMMNREOOWCAYWATEABIFJBNMEAEOMEOUIA"
    ],
    [
      28,
      -6.859296196186838,
      -7.1528790513832705,
      "SRORTTHNOEEADIAMNMEAPHTASSTAEIGOEAEEJTHWEOPRNGIAPU"
    ],
    [
      29,
      -6.8129558660683305,
      -7.08406244380992,
      "OEMEONGEOYWOEWEOTHEASEOBOEOETHEALDEOIAWALSXGIATTTH"
    ],
    [
      30,
      -6.814979069634531,
      -6.953454207668079,
      "DIABEOEEAELTRNGUOEFHEATCEAFOEAJWXTHCHUYGEAWBBFRYMO"
    ],
    [
      31,
      -6.888239712502807,
      -6.888239712502807,
      "UYILHWYSHYAOEEOITXTHPNFTHLAEUEORDASPWGIAEOTHEOPYRA"
    ],
    [
      32,
      -6.6325952743039505,
      -6.6325952743039505,
      "ROMLYAYEAEALOETHLEPEADEODEATLOTHUEAIAFODPRAENGRPTH"
    ],
    [
      33,
      -6.8583674657719085,
      -7.007520211669765,
      "LTOETHRENGJTOTUYLYMOOAMXDOBEAFEOFTHIAREIADIAAEPHNH"
    ],
    [
      34,
      -6.686315535467818,
      -6.686315535467818,
      "LPOENHWNSRJAOEJNGTHTHEOSPJYNRAEGANATEAOEGLAEUTBHCW"
    ],
    [
      35,
      -6.915486790733937,
      -6.996704635254231,
      "YLOFOAJNFDPEASFHGTHCAENGEIANIDSAEANHEANGSWTHIARTTH"
    ],
    [
      36,
      -6.756628184882458,
      -7.1140100866579195,
      "XNGOARIDNGLOEOEYYJLAETHTHIALYJOCIAHNGIAMPUXHSIAAON"
    ],
    [
      37,
      -6.791630954368408,
      -7.083306634001921,
      "OETHNIAXNGIASEOFEIAEATHWEOECHSTHEANSFLEOFIYEPNGNSJ"
    ],
    [
      38,
      -6.802558008203231,
      -7.065617661015167,
      "THFHPNFEAFMMNOTEOECCCJMALIAEATHORAEPAGOETHERSFEOXN"
    ],
    [
      39,
      -6.745874760652548,
      -7.079400153338566,
      "HEATHYOUEAWNGOIDTHSDLDAXEOBLTEDEMGHMOLEOBCTHANGIAM"
    ],
    [
      40,
      -6.83642359247775,
      -7.04478560156153,
      "NTHIAGEATHCUOOEWCBCWEOJAUNGEAMNINEOOXJTHXNEOTHEAWE"
    ],
    [
      41,
      -6.962646201065082,
      -7.079405832871273,
      "IANHXAEOOEAEEATOEAOETHOESMEDLBCWMIGPDFAEOESOINCAPY"
    ],
    [
      42,
      -6.933432969835646,
      -7.052045291675765,
      "XEAWITHTHEJCSDOETHIATHTIASGTIANGAJYEABDTHSIAWIACWW"
    ],
    [
      43,
      -6.938821735143626,
      -7.062126189211844,
      "WYHBTHAECAEUHLEAACJXIAECGAGHIAFFIAANIAYYWWUFEATHIA"
    ],
    [
      44,
      -6.905159684252609,
      -7.095929152169444,
      "RIJWGWXTHTHHIAPSADTHJFOUIABFONGUSAENMOHNGCETCBIPOR"
    ],
    [
      45,
      -6.851255282679031,
      -6.985835898206755,
      "WJHAUFOBLEIIARLYTHPMBTHDUEAEODFEOEOYTOALLANTHWEAOF"
    ],
    [
      46,
      -6.909722413915365,
      -7.018660443473593,
      "SPLOWBHLGCOENGBRIALTLEIFYEEIALOWFFEAOSMOAIAJOOBANG"
    ],
    [
      47,
      -6.91300471257664,
      -7.068171378005535,
      "FWCEAEDOTHYJNOTHJESWCYEOOEORTEEOMYGWJEASEAUDEARRRE"
    ],
    [
      48,
      -6.811068318606517,
      -7.104254386995095,
      "MNGUPIAYOCNGNOUTHMAATSAIAEAHUYOELLFLEANOENGSSNOFTE"
    ],
    [
      49,
      -6.295867509630544,
      -6.585651414326715,
      "TRNGEGOEALLINGEOHUGAINHAEIATTHMICEOCEOGFREEIHAIFEA"
    ],
    [
      50,
      -6.280388461661898,
      -6.860660988924623,
      "IAHNGLEAEACEBAELBALTOEYTHTHEGTPSITHOREANGUEOONGIWN"
    ],
    [
      51,
      -6.952495950392274,
      -7.157527695697516,
      "TOENABTHEOSYSWTEAWPAEYWUYEOINAEWRHTHGIYUNGWATDWETE"
    ],
    [
      52,
      -6.696489132270637,
      -7.0941450759725795,
      "YOECIDWRILAIASBMSLLHEOOEPHMAETSOCEOTHIABSEAAEOLIAT"
    ],
    [
      53,
      -6.89123002987077,
      -7.0969936044675475,
      "ALRDEAXXJTHIAAAENGTHMALEAAOERTHEAMSNOECYAEAEWSMJWE"
    ],
    [
      54,
      -6.282129358015041,
      -6.18972398301573,
      "HSTYYEORRTTHTHOINGOETBNGRAIADDXSMJYNIANGOCHINGCLXO"
    ],
    [
      55,
      -6.436773830888487,
      -6.774997243770772,
      "OUCOEDTHRISSOEHEONGEXYOORSTHOTHUPPPYOUEANEAEOCSEAL"
    ],
    [
      56,
      -4.420633417052125,
      -4.420633417052125,
      "PARABLELICETHEINSTARTUNNELNGTOTHESURFACEWEMUSTSHED"
    ]
  ]
}